id;timestamp;filename
1;2017:04:06 06:32:43;https://farm3.staticflickr.com/2878/33919447641_e9e2cd0b46_o.jpg
2;2017:04:06 06:33:06;https://farm3.staticflickr.com/2826/33663922560_19280e0e93_o.jpg
3;2017:04:06 06:40:10;https://farm3.staticflickr.com/2899/33236975563_d60ceb0708_o.jpg
4;2017:04:06 12:49:30;https://farm3.staticflickr.com/2809/33940013011_39910a29ac_o.jpg
5;2017:04:06 12:55:12;https://farm3.staticflickr.com/2949/33257862693_f3a9e5fc67_o.jpg
6;2017:04:06 12:55:16;https://farm3.staticflickr.com/2862/33257864213_bcbd81f00b_o.jpg
7;2017:04:06 12:55:21;https://farm3.staticflickr.com/2831/33257865913_1d66776276_o.jpg
8;2017:04:06 12:55:46;https://farm3.staticflickr.com/2853/33257868323_47222b26ac_o.jpg
9;2017:04:06 12:55:59;https://farm3.staticflickr.com/2914/33685028140_baa6b62626_o.jpg
10;2017:04:06 12:56:00;https://farm3.staticflickr.com/2822/33685030260_e1190b02ff_o.jpg
11;2017:04:06 12:57:25;https://farm4.staticflickr.com/3949/33913393362_4c1c7d4612_o.jpg
12;2017:04:06 12:57:39;https://farm4.staticflickr.com/3945/33913395202_468e28e64f_o.jpg
13;2017:04:06 12:57:48;https://farm3.staticflickr.com/2822/33913397082_83a8f509dd_o.jpg
14;2017:04:06 12:57:49;https://farm3.staticflickr.com/2941/33913398702_c9d525dfb2_o.jpg
15;2017:04:06 12:57:49;https://farm3.staticflickr.com/2912/34069787985_f14b239f11_o.jpg
16;2017:04:06 12:59:21;https://farm3.staticflickr.com/2934/34069789175_22419bce61_o.jpg
17;2017:04:06 13:21:47;https://farm4.staticflickr.com/3939/34069789725_feb007251b_o.jpg
18;2017:04:06 13:22:13;https://farm4.staticflickr.com/3937/34069790465_f937f56942_o.jpg
19;2017:04:06 13:22:55;https://farm3.staticflickr.com/2830/34069791115_1411d7ce74_o.jpg
20;2017:04:06 16:53:20;https://farm4.staticflickr.com/3928/34029697896_421a0a780f_o.jpg
21;2017:04:06 16:55:52;https://farm3.staticflickr.com/2869/34029698866_8ac746aaaf_o.jpg
22;2017:04:06 16:59:13;https://farm3.staticflickr.com/2916/34029699826_121eab7bbb_o.jpg
23;2017:04:06 18:30:52;https://farm4.staticflickr.com/3929/34029700866_27498a0c16_o.jpg
26;2017:04:06 18:51:26;https://farm3.staticflickr.com/2868/33913423592_111191432d_o.jpg
27;2017:04:06 18:52:00;https://farm3.staticflickr.com/2920/34069796325_15c253888e_o.jpg
28;2017:04:06 18:53:04;https://farm3.staticflickr.com/2890/34069797045_21bc0c507b_o.jpg
29;2017:04:06 18:53:10;https://farm4.staticflickr.com/3952/33685570700_ee9b42d76b_o.jpg
30;2017:04:06 19:00:45;https://farm3.staticflickr.com/2929/33685572020_3887173a6d_o.jpg
31;2017:04:06 19:01:36;https://farm3.staticflickr.com/2947/33685573500_d209754a59_o.jpg
32;2017:04:06 19:04:13;https://farm3.staticflickr.com/2925/33685574790_c761885985_o.jpg
33;2017:04:06 19:09:31;https://farm3.staticflickr.com/2821/33685577110_5ab255a38c_o.jpg
34;2017:04:06 19:15:09;https://farm4.staticflickr.com/3933/33685579000_58b4ef86ee_o.jpg
35;2017:04:06 19:15:10;https://farm3.staticflickr.com/2811/33685580960_0de880a09a_o.jpg
36;2017:04:06 19:15:14;https://farm3.staticflickr.com/2901/33685582460_97159f3c57_o.jpg
37;2017:04:06 19:16:00;https://farm3.staticflickr.com/2891/33685584420_169d117297_o.jpg
38;2017:04:06 19:17:08;https://farm3.staticflickr.com/2906/33227784544_a086c570e1_o.jpg
39;2017:04:06 19:23:43;https://farm4.staticflickr.com/3938/33227786184_0cbe7abf63_o.jpg
40;2017:04:06 19:46:04;https://farm3.staticflickr.com/2888/33227788144_cbe654ec69_o.jpg
41;2017:04:06 19:51:45;https://farm3.staticflickr.com/2845/33227790314_ce7cb88fbb_o.jpg
42;2017:04:06 20:00:20;https://farm3.staticflickr.com/2912/33685593190_d8b1f290d8_o.jpg
43;2017:04:06 20:00:36;https://farm3.staticflickr.com/2912/34029720386_9e74826d6a_o.jpg
44;2017:04:06 20:07:16;https://farm3.staticflickr.com/2874/33940577261_834d92754a_o.jpg
45;2017:04:06 20:09:41;https://farm3.staticflickr.com/2895/33940579051_66655bd0a5_o.jpg
46;2017:04:06 20:18:47;https://farm3.staticflickr.com/2924/33940579581_75389a4830_o.jpg
47;2017:04:06 20:19:36;https://farm3.staticflickr.com/2907/33940580991_81f3b259f0_o.jpg
48;2017:04:06 20:19:41;https://farm3.staticflickr.com/2881/33940581771_0ea8ebc027_o.jpg
49;2017:04:06 20:19:48;https://farm3.staticflickr.com/2899/33940583231_0911321433_o.jpg
50;2017:04:06 20:27:51;https://farm3.staticflickr.com/2938/33940584311_8d3a46669d_o.jpg
51;2017:04:06 20:28:14;https://farm3.staticflickr.com/2837/33940585561_c0f6dca7d9_o.jpg
52;2017:04:06 20:28:17;https://farm3.staticflickr.com/2910/33940586481_04f0b2359d_o.jpg
53;2017:04:06 22:33:28;https://farm4.staticflickr.com/3843/33940588521_3ed568e84f_o.jpg
54;2017:04:06 22:33:31;https://farm3.staticflickr.com/2871/33940590721_eb15bbb267_o.jpg
55;2017:04:06 22:34:58;https://farm3.staticflickr.com/2853/34029741466_5a991842f1_o.jpg
56;2017:04:06 22:35:28;https://farm4.staticflickr.com/3847/34029744096_53fb1cabce_o.jpg
57;2017:04:06 23:35:37;https://farm3.staticflickr.com/2842/34029755606_871bb12fd4_o.jpg
58;2017:04:06 23:38:26;https://farm4.staticflickr.com/3839/34029765926_5876e8952a_o.jpg
59;2017:04:06 23:43:08;https://farm4.staticflickr.com/3942/33227900454_b1bf1132c0_o.jpg
60;2017:04:06 23:47:31;https://farm4.staticflickr.com/3849/33227901824_b3602c3709_o.jpg
61;2017:04:06 23:48:03;https://farm4.staticflickr.com/3727/33227903764_045d918d31_o.jpg
62;2017:04:06 23:49:14;https://farm4.staticflickr.com/3938/33227905934_7b949c1e86_o.jpg
63;2017:04:06 23:55:04;https://farm4.staticflickr.com/3956/33227908664_3bc075f51c_o.jpg
64;2017:04:06 23:56:22;https://farm3.staticflickr.com/2813/33940713671_e0809724c8_o.jpg
65;2017:04:06 23:56:51;https://farm3.staticflickr.com/2818/33940715061_f59665662e_o.jpg
66;2017:04:06 23:58:24;https://farm3.staticflickr.com/2856/33940716031_3bc91e3ba2_o.jpg
67;2017:04:06 23:58:57;https://farm3.staticflickr.com/2827/33940717241_ef83059029_o.jpg
68;2017:04:06 23:59:01;https://farm3.staticflickr.com/2854/33227917084_92da72f62c_o.jpg
69;2017:04:07 00:01:38;https://farm3.staticflickr.com/2831/33227918554_449be1e32f_o.jpg
70;2017:04:07 00:02:29;https://farm3.staticflickr.com/2943/33227920604_07fce70ddd_o.jpg
71;2017:04:07 00:03:08;https://farm3.staticflickr.com/2934/33227922704_df08bff728_o.jpg
72;2017:04:07 00:06:47;https://farm3.staticflickr.com/2828/33227925124_e0b5a4d4f6_o.jpg
73;2017:04:07 00:07:15;https://farm3.staticflickr.com/2841/33227927504_29ef184e4c_o.jpg
74;2017:04:07 00:09:18;https://farm3.staticflickr.com/2856/34029875766_0062cc7f75_o.jpg
75;2017:04:07 02:04:57;https://farm3.staticflickr.com/2911/34029878866_f6cc9828f0_o.jpg
76;2017:04:07 06:00:17;https://farm4.staticflickr.com/3941/33236982763_5b96e604b0_o.jpg
77;2017:04:07 08:34:31;https://farm3.staticflickr.com/2913/33517071890_905e480112_o.jpg
78;2017:04:07 08:34:37;https://farm4.staticflickr.com/3946/33206261194_43dccd3788_o.jpg
79;2017:04:07 08:34:46;https://farm3.staticflickr.com/2899/33919449081_bc4b12fe2f_o.jpg
80;2017:04:07 14:40:16;https://farm3.staticflickr.com/2845/34029880266_bae8427b35_o.jpg
81;2017:04:07 14:42:56;https://farm4.staticflickr.com/3846/34069968865_695b7fbac1_o.jpg
82;2017:04:07 14:51:32;https://farm3.staticflickr.com/2843/34069970315_259bbf9bf6_o.jpg
83;2017:04:07 15:07:31;https://farm3.staticflickr.com/2846/34029887386_b0193f3751_o.jpg
84;2017:04:07 15:16:19;https://farm3.staticflickr.com/2810/34029888746_8dfdf67171_o.jpg
85;2017:04:07 15:26:31;https://farm3.staticflickr.com/2940/34029890146_b8db801f71_o.jpg
86;2017:04:07 15:29:45;https://farm3.staticflickr.com/2918/34029891816_0c7498409c_o.jpg
87;2017:04:07 15:33:55;https://farm3.staticflickr.com/2826/34029893556_ff76fb62be_o.jpg
88;2017:04:07 15:44:18;https://farm3.staticflickr.com/2864/34029895616_6b1c777e6e_o.jpg
89;2017:04:07 15:44:55;https://farm3.staticflickr.com/2926/34029896976_717dcbd3fa_o.jpg
90;2017:04:07 15:45:31;https://farm4.staticflickr.com/3839/33913603852_9dd01a2a9d_o.jpg
91;2017:04:07 15:51:54;https://farm4.staticflickr.com/3854/33913605042_e403abae5d_o.jpg
92;2017:04:07 15:52:00;https://farm3.staticflickr.com/2909/33913605992_f762dbfc7b_o.jpg
93;2017:04:07 15:59:13;https://farm4.staticflickr.com/3936/34069981745_7f6d4388ed_o.jpg
94;2017:04:07 15:59:15;https://farm4.staticflickr.com/3736/34069983565_18edbddc39_o.jpg
95;2017:04:07 15:59:17;https://farm3.staticflickr.com/2942/34069984535_a322e3b9dc_o.jpg
96;2017:04:07 16:21:45;https://farm3.staticflickr.com/2860/34069986055_29f403edb2_o.jpg
97;2017:04:07 16:25:26;https://farm3.staticflickr.com/2821/34069987475_c7c33f9d86_o.jpg
98;2017:04:07 17:04:40;https://farm3.staticflickr.com/2933/34069989115_d07bffc43a_o.jpg
99;2017:04:07 17:07:51;https://farm4.staticflickr.com/3933/34069990585_ebfb56e2aa_o.jpg
100;2017:04:07 17:08:07;https://farm4.staticflickr.com/3703/33227956024_c7204c3118_o.jpg
101;2017:04:07 17:08:09;https://farm3.staticflickr.com/2904/33227957244_0a07ea4df7_o.jpg
102;2017:04:07 17:09:09;https://farm3.staticflickr.com/2855/33227958134_d4f30af2a8_o.jpg
103;2017:04:07 17:23:43;https://farm3.staticflickr.com/2855/33227959014_640f25a100_o.jpg
104;2017:04:07 17:38:53;https://farm4.staticflickr.com/3940/33227959804_22cfc55174_o.jpg
105;2017:04:07 17:51:49;https://farm3.staticflickr.com/2922/33227960904_4e90eef39e_o.jpg
106;2017:04:07 18:08:21;https://farm3.staticflickr.com/2862/33227961964_39c677aee7_o.jpg
107;2017:04:07 18:11:06;https://farm3.staticflickr.com/2852/33258576123_0e5ef631a8_o.jpg
108;2017:04:07 18:11:42;https://farm4.staticflickr.com/3856/33258577373_5b6ed85e53_o.jpg
109;2017:04:07 18:16:07;https://farm3.staticflickr.com/2887/33258578513_10dde8a32b_o.jpg
110;2017:04:07 18:29:06;https://farm3.staticflickr.com/2910/34070005485_e6e43eb7d4_o.jpg
111;2017:04:07 20:20:32;https://farm3.staticflickr.com/2864/34070006305_502f66af9f_o.jpg
112;2017:04:07 21:18:19;https://farm4.staticflickr.com/3937/34070007385_2a45579f03_o.jpg
113;2017:04:07 21:18:21;https://farm4.staticflickr.com/3940/34070008405_c21bd5cb54_o.jpg
114;2017:04:07 21:18:22;https://farm3.staticflickr.com/2897/33940770291_8f449b7fcb_o.jpg
115;2017:04:07 21:18:46;https://farm3.staticflickr.com/2918/33940771561_7905f34930_o.jpg
116;2017:04:07 21:18:46;https://farm4.staticflickr.com/3931/33940773311_dca7a5581b_o.jpg
117;2017:04:07 21:18:58;https://farm3.staticflickr.com/2927/33940774831_bce12d4008_o.jpg
118;2017:04:07 21:18:59;https://farm3.staticflickr.com/2852/33940776381_f94eb8ec31_o.jpg
119;2017:04:07 21:19:05;https://farm3.staticflickr.com/2897/33940777341_5d567722a0_o.jpg
120;2017:04:07 21:19:21;https://farm3.staticflickr.com/2849/33227989834_ef3551ce29_o.jpg
121;2017:04:07 21:19:33;https://farm3.staticflickr.com/2824/33227990524_8ee36d9888_o.jpg
122;2017:04:07 21:19:41;https://farm3.staticflickr.com/2944/33913650982_f77c554b91_o.jpg
123;2017:04:07 21:54:04;https://farm3.staticflickr.com/2835/33913651892_bba17abf8a_o.jpg
124;2017:04:07 21:55:56;https://farm3.staticflickr.com/2831/34030238676_face60cb69_o.jpg
125;2017:04:07 22:13:15;https://farm4.staticflickr.com/3932/34030241056_7aa794c4d0_o.jpg
126;2017:04:07 22:37:28;https://farm3.staticflickr.com/2856/34030244176_70069b1385_o.jpg
128;2017:04:08 12:58:28;https://farm3.staticflickr.com/2847/34030246856_e00b148024_o.jpg
129;2017:04:08 13:30:06;https://farm3.staticflickr.com/2817/33206263224_bcafbe6f08_o.jpg
130;2017:04:08 13:53:37;https://farm3.staticflickr.com/2842/33919503421_5a84825c98_o.jpg
131;2017:04:08 13:59:37;https://farm3.staticflickr.com/2895/34030248606_797787fbea_o.jpg
132;2017:04:08 14:07:46;https://farm3.staticflickr.com/2870/34030250366_d10d41648c_o.jpg
133;2017:04:08 14:09:17;https://farm3.staticflickr.com/2881/34030253246_5aa9a751ee_o.jpg
134;2017:04:08 14:09:23;https://farm4.staticflickr.com/3948/34030254946_280891bbf1_o.jpg
135;2017:04:08 14:09:31;https://farm3.staticflickr.com/2811/34030258116_a2b1bd1720_o.jpg
136;2017:04:08 14:11:13;https://farm3.staticflickr.com/2819/33258865623_858d30a7b8_o.jpg
137;2017:04:08 14:11:14;https://farm3.staticflickr.com/2821/33258866203_55aa32e559_o.jpg
138;2017:04:08 14:11:41;https://farm3.staticflickr.com/2829/33228240604_309c7f36e2_o.jpg
139;2017:04:08 14:12:13;https://farm3.staticflickr.com/2875/33228242264_7e2f05ab5b_o.jpg
140;2017:04:08 14:13:29;https://farm4.staticflickr.com/3931/33228243444_c0ede090eb_o.jpg
141;2017:04:08 14:14:02;https://farm4.staticflickr.com/3953/33686119150_16cfb8e090_o.jpg
142;2017:04:08 14:14:15;https://farm3.staticflickr.com/2835/34008319656_4e68f5ffe5_o.jpg
143;2017:04:08 14:16:10;https://farm3.staticflickr.com/2862/33941113241_3e25e2f838_o.jpg
144;2017:04:08 14:17:20;https://farm3.staticflickr.com/2882/33941114101_a1ca01aede_o.jpg
145;2017:04:08 14:17:33;https://farm4.staticflickr.com/3936/33941114931_1ddbf42c5e_o.jpg
146;2017:04:08 14:59:33;https://farm3.staticflickr.com/2944/33941115871_86638f6bae_o.jpg
147;2017:04:08 14:59:46;https://farm3.staticflickr.com/2855/33941116721_d4c50fa1e2_o.jpg
148;2017:04:08 15:00:28;https://farm3.staticflickr.com/2842/33941117521_b33a02a2dc_o.jpg
149;2017:04:08 15:01:02;https://farm3.staticflickr.com/2818/33941118601_c37db1f7d2_o.jpg
150;2017:04:08 15:42:38;https://farm3.staticflickr.com/2819/34049020175_f120fe9d6b_o.jpg
151;2017:04:08 16:19:26;https://farm3.staticflickr.com/2861/33663961510_618e414bec_o.jpg
152;2017:04:08 16:20:27;https://farm3.staticflickr.com/2883/34008335416_2163a95b72_o.jpg
153;2017:04:08 16:25:36;https://farm3.staticflickr.com/2900/33206306954_8d5c8a9cea_o.jpg
154;2017:04:08 16:30:35;https://farm3.staticflickr.com/2811/33206307754_e9f2bf1cd1_o.jpg
155;2017:04:08 16:32:34;https://farm3.staticflickr.com/2932/33919504561_53483cdef0_o.jpg
156;2017:04:08 19:00:15;https://farm3.staticflickr.com/2939/33941119511_96e31c28bb_o.jpg
157;2017:04:08 22:10:10;https://farm3.staticflickr.com/2929/33941120351_f4551eddee_o.jpg
158;2017:04:08 22:17:18;https://farm3.staticflickr.com/2872/33941121661_e5c7d34904_o.jpg
159;2017:04:08 22:29:05;https://farm4.staticflickr.com/3935/33941123171_4c2f199fbe_o.jpg
160;2017:04:08 22:31:16;https://farm3.staticflickr.com/2866/33941124111_c7463542bd_o.jpg
161;2017:04:08 22:39:41;https://farm3.staticflickr.com/2927/33228252404_1d61ff7312_o.jpg
162;2017:04:08 22:41:55;https://farm3.staticflickr.com/2896/33228253434_7e2ab36b43_o.jpg
163;2017:04:08 22:43:26;https://farm4.staticflickr.com/3949/33228254004_60cdfcae5e_o.jpg
164;2017:04:08 23:03:38;https://farm3.staticflickr.com/2867/34030293676_f131818ef5_o.jpg
165;2017:04:08 23:11:32;https://farm4.staticflickr.com/3947/34030295326_87a3de90d3_o.jpg
166;2017:04:08 23:25:09;https://farm4.staticflickr.com/3944/34030297516_283023d8eb_o.jpg
167;2017:04:08 23:26:26;https://farm4.staticflickr.com/3945/34030298576_5783f11182_o.jpg
168;2017:04:08 23:27:34;https://farm4.staticflickr.com/3954/34030299926_60b202f21d_o.jpg
169;2017:04:08 23:31:20;https://farm3.staticflickr.com/2937/34030301636_9f64fe25c4_o.jpg
170;2017:04:09 00:02:32;https://farm3.staticflickr.com/2908/34070302065_d89cb0d0dc_o.jpg
171;2017:04:09 00:04:26;https://farm3.staticflickr.com/2901/34070303905_10cb7b2bfe_o.jpg
172;2017:04:09 00:34:46;https://farm3.staticflickr.com/2916/34070306085_7146ed4a8f_o.jpg
173;2017:04:09 00:37:06;https://farm4.staticflickr.com/3894/34070308355_62781f0983_o.jpg
174;2017:04:09 00:37:33;https://farm3.staticflickr.com/2942/34070311315_a8d34312bc_o.jpg
175;2017:04:09 00:38:26;https://farm4.staticflickr.com/3857/33941149311_8f753f5b19_o.jpg
176;2017:04:09 00:49:51;https://farm4.staticflickr.com/3942/33686170730_5e5f805a53_o.jpg
177;2017:04:09 06:12:17;https://farm4.staticflickr.com/3941/34008345346_b2bb2639c2_o.jpg
178;2017:04:09 06:17:40;https://farm3.staticflickr.com/2885/33663969050_148fdcdb93_o.jpg
179;2017:04:09 06:30:17;https://farm3.staticflickr.com/2809/33208287834_381a09bea5_o.jpg
180;2017:04:09 08:27:36;https://farm3.staticflickr.com/2904/33921581621_46a6682d88_o.jpg
181;2017:04:09 08:27:52;https://farm3.staticflickr.com/2854/33893884432_c0f4ea8134_o.jpg
182;2017:04:09 08:48:55;https://farm3.staticflickr.com/2805/33893881802_090cf32d28_o.jpg
183;2017:04:09 08:49:41;https://farm3.staticflickr.com/2834/33239064283_bc7d06dc4a_o.jpg
184;2017:04:09 08:49:52;https://farm3.staticflickr.com/2818/33208285074_30934e15df_o.jpg
185;2017:04:09 08:51:23;https://farm4.staticflickr.com/3948/33893879752_f44eef1da7_o.jpg
186;2017:04:09 08:54:05;https://farm3.staticflickr.com/2817/33666093270_e9fa6dc307_o.jpg
187;2017:04:09 12:28:29;https://farm3.staticflickr.com/2849/33686175080_a4b9470f14_o.jpg
188;2017:04:09 13:17:00;https://farm3.staticflickr.com/2872/34070326585_436a89ee4a_o.jpg
189;2017:04:09 13:30:55;https://farm3.staticflickr.com/2934/34070328745_6e19c16964_o.jpg
190;2017:04:09 14:48:20;https://farm3.staticflickr.com/2876/34070331265_1afb0eb98e_o.jpg
191;2017:04:09 14:48:32;https://farm4.staticflickr.com/3936/34070333895_d6253faa9e_o.jpg
192;2017:04:09 14:53:25;https://farm3.staticflickr.com/2863/34070337505_850d17b36e_o.jpg
193;2017:04:09 14:55:56;https://farm4.staticflickr.com/3847/34070339245_c0b205a876_o.jpg
194;2017:04:09 14:56:26;https://farm3.staticflickr.com/2862/34070340915_60d536f06d_o.jpg
195;2017:04:09 14:56:27;https://farm3.staticflickr.com/2897/34070341835_e5a807f78c_o.jpg
196;2017:04:09 16:05:26;https://farm3.staticflickr.com/2882/34030342176_6c915d2abc_o.jpg
197;2017:04:09 16:54:26;https://farm3.staticflickr.com/2906/33941169381_e586285f65_o.jpg
198;2017:04:09 17:12:26;https://farm3.staticflickr.com/2886/33941171631_7b363c7f1d_o.jpg
199;2017:04:09 17:35:27;https://farm3.staticflickr.com/2924/33941174751_6445c1c761_o.jpg
200;2017:04:09 17:42:38;https://farm3.staticflickr.com/2913/33941176641_ce7f492c6f_o.jpg
201;2017:04:09 17:56:32;https://farm3.staticflickr.com/2808/34010358856_49e8917bec_o.jpg
202;2017:04:09 17:57:48;https://farm3.staticflickr.com/2927/33666106380_4e059ced34_o.jpg
203;2017:04:09 17:59:43;https://farm3.staticflickr.com/2880/33239112833_4a26746190_o.jpg
204;2017:04:09 18:00:21;https://farm3.staticflickr.com/2859/33239112803_bd6c22e8f8_o.jpg
205;2017:04:10 11:10:39;https://farm3.staticflickr.com/2851/33663994510_e66da97ca2_o.jpg
206;2017:04:10 11:17:00;https://farm4.staticflickr.com/3951/33206326204_a148d9a9f7_o.jpg
210;2017:04:10 12:34:46;https://farm3.staticflickr.com/2849/34049038445_082aa8ab9e_o.jpg
211;2017:04:10 12:35:52;https://farm3.staticflickr.com/2919/33237067143_6f80b7ace0_o.jpg
212;2017:04:10 14:02:21;https://farm3.staticflickr.com/2830/33891879632_2f93674a10_o.jpg
213;2017:04:10 16:28:23;https://farm4.staticflickr.com/3928/34030356806_a205c4c35a_o.jpg
214;2017:04:10 16:28:45;https://farm3.staticflickr.com/2876/34030360066_4e52c87aff_o.jpg
215;2017:04:10 16:29:54;https://farm4.staticflickr.com/3952/33228289274_e78939385e_o.jpg
216;2017:04:10 20:01:12;https://farm3.staticflickr.com/2863/33228291804_c40d183654_o.jpg
217;2017:04:10 20:30:14;https://farm3.staticflickr.com/2948/33228293474_1c74385a9f_o.jpg
218;2017:04:10 20:30:44;https://farm4.staticflickr.com/3849/33228295034_ac313dcdf0_o.jpg
219;2017:04:10 20:32:59;https://farm3.staticflickr.com/2819/33228296864_1e98745884_o.jpg
220;2017:04:10 21:10:12;https://farm3.staticflickr.com/2905/33258922473_49ba5310c3_o.jpg
221;2017:04:10 21:12:07;https://farm3.staticflickr.com/2875/33258923483_8f5b2930ba_o.jpg
222;2017:04:10 21:15:16;https://farm4.staticflickr.com/3953/34070355915_45fa0ebd58_o.jpg
223;2017:04:10 21:17:15;https://farm4.staticflickr.com/3955/34070357885_ea589c1e6f_o.jpg
224;2017:04:10 22:23:06;https://farm3.staticflickr.com/2899/33258927113_902a67b34e_o.jpg
225;2017:04:10 22:23:18;https://farm3.staticflickr.com/2843/33258928203_ce88e02c8d_o.jpg
226;2017:04:10 22:47:36;https://farm4.staticflickr.com/3947/33258929213_ed531fecc1_o.jpg
227;2017:04:10 22:51:31;https://farm3.staticflickr.com/2809/33258930983_2b1178d74b_o.jpg
228;2017:04:10 23:05:13;https://farm3.staticflickr.com/2811/33914033072_5eccd21126_o.jpg
229;2017:04:10 23:06:34;https://farm3.staticflickr.com/2949/33914035062_19e75ccd83_o.jpg
230;2017:04:10 23:09:24;https://farm3.staticflickr.com/2933/33914039102_1ab62236b4_o.jpg
231;2017:04:10 23:09:56;https://farm3.staticflickr.com/2864/33914042292_7dedbe3ec5_o.jpg
232;2017:04:10 23:11:45;https://farm3.staticflickr.com/2947/33914045232_9ab1b7b975_o.jpg
233;2017:04:10 23:12:10;https://farm3.staticflickr.com/2840/33914048202_00e77fd287_o.jpg
234;2017:04:11 00:05:23;https://farm3.staticflickr.com/2894/33914050702_ce26660571_o.jpg
235;2017:04:11 10:16:03;https://farm3.staticflickr.com/2807/33919559761_cc8a5e80df_o.jpg
236;2017:04:11 10:19:57;https://farm3.staticflickr.com/2937/34008380126_1e597913de_o.jpg
238;2017:04:11 10:28:43;https://farm4.staticflickr.com/3936/33919524101_f52093cc1a_o.jpg
240;2017:04:11 11:59:14;https://farm3.staticflickr.com/2926/33255849373_206ce2598e_o.jpg
241;2017:04:11 12:19:19;https://farm3.staticflickr.com/2841/33919542761_0b2d91ac98_o.jpg
242;2017:04:11 18:04:44;https://farm3.staticflickr.com/2913/33941240551_d99bc34206_o.jpg
243;2017:04:11 18:05:45;https://farm3.staticflickr.com/2837/33941242161_b79a89c5c5_o.jpg
244;2017:04:11 18:07:23;https://farm4.staticflickr.com/3845/33941244451_1a3ee3d3ab_o.jpg
245;2017:04:11 18:07:43;https://farm4.staticflickr.com/3941/33914065012_dd24d2f9ea_o.jpg
246;2017:04:11 18:09:27;https://farm3.staticflickr.com/2924/33914070022_9599b0d3a5_o.jpg
247;2017:04:11 18:12:16;https://farm4.staticflickr.com/3936/33914073802_aceb0782b9_o.jpg
249;2017:04:11 18:49:05;https://farm3.staticflickr.com/2821/33914076382_43f4ac1fcb_o.jpg
250;2017:04:11 18:49:07;https://farm3.staticflickr.com/2849/33941256971_c024d67303_o.jpg
251;2017:04:11 18:49:21;https://farm3.staticflickr.com/2810/33941260121_98b243c053_o.jpg
252;2017:04:11 18:49:21;https://farm3.staticflickr.com/2806/34030409036_9eedafee22_o.jpg
253;2017:04:11 18:50:45;https://farm3.staticflickr.com/2816/34030410066_6c8575a64c_o.jpg
254;2017:04:11 18:51:17;https://farm4.staticflickr.com/3842/34030410976_8a1eef5ce6_o.jpg
255;2017:04:11 19:03:12;https://farm4.staticflickr.com/3842/33258970823_0c8d430052_o.jpg
256;2017:04:11 19:03:41;https://farm3.staticflickr.com/2912/33258972583_150cf1579c_o.jpg
257;2017:04:11 19:03:54;https://farm4.staticflickr.com/3946/33686271930_56837fa313_o.jpg
258;2017:04:11 19:13:09;https://farm4.staticflickr.com/3954/33941271781_cbb65d0a3f_o.jpg
259;2017:04:11 19:14:05;https://farm3.staticflickr.com/2829/33941273811_b3b4916978_o.jpg
260;2017:04:11 19:17:01;https://farm4.staticflickr.com/3954/33941275561_2fa515dcf0_o.jpg
261;2017:04:11 19:17:11;https://farm3.staticflickr.com/2827/33941276881_6d89882186_o.jpg
262;2017:04:11 21:28:08;https://farm3.staticflickr.com/2944/33258986173_f59068db5b_o.jpg
263;2017:04:11 21:33:21;https://farm4.staticflickr.com/3937/33258987983_b8cdd8ec28_o.jpg
264;2017:04:11 21:33:45;https://farm3.staticflickr.com/2903/33258988753_32c85cdaa6_o.jpg
265;2017:04:11 21:33:50;https://farm3.staticflickr.com/2828/33258990383_ef7cc3809a_o.jpg
266;2017:04:11 21:34:36;https://farm3.staticflickr.com/2945/33258990963_120668f9bf_o.jpg
267;2017:04:11 21:34:59;https://farm3.staticflickr.com/2930/34030432256_e355eb356e_o.jpg
268;2017:04:11 21:35:29;https://farm4.staticflickr.com/3944/34030442346_a4a2d57f4a_o.jpg
269;2017:04:11 21:36:19;https://farm3.staticflickr.com/2914/34030444736_d9ceecd945_o.jpg
270;2017:04:11 21:37:32;https://farm3.staticflickr.com/2904/34030446766_2928f581ff_o.jpg
271;2017:04:11 21:38:11;https://farm4.staticflickr.com/3933/34030449236_cd5a033189_o.jpg
272;2017:04:11 21:38:38;https://farm4.staticflickr.com/3871/33259010823_653752c9ca_o.jpg
273;2017:04:11 21:39:29;https://farm3.staticflickr.com/2934/34030454136_8a05a2c398_o.jpg
274;2017:04:11 21:39:29;https://farm3.staticflickr.com/2838/34030456276_cf59c2e06d_o.jpg
275;2017:04:11 21:39:40;https://farm3.staticflickr.com/2875/34030458876_df419c9a19_o.jpg
276;2017:04:11 21:42:25;https://farm4.staticflickr.com/3852/33228366694_553d536689_o.jpg
277;2017:04:11 21:44:09;https://farm3.staticflickr.com/2927/33914130322_04f8630e44_o.jpg
278;2017:04:11 21:54:47;https://farm3.staticflickr.com/2921/33686641590_d0edc7d71a_o.jpg
279;2017:04:11 21:55:05;https://farm4.staticflickr.com/3951/33686642370_a4ef2f042a_o.jpg
280;2017:04:11 22:00:28;https://farm3.staticflickr.com/2813/33686643360_37696b5a9b_o.jpg
281;2017:04:11 22:00:28;https://farm3.staticflickr.com/2947/33686644940_065c7ebc2f_o.jpg
282;2017:04:11 22:28:56;https://farm1.staticflickr.com/780/33686646260_eb8a68e1a1_o.jpg
283;2017:04:11 22:31:58;https://farm3.staticflickr.com/2944/33228863564_f1e8708ba0_o.jpg
284;2017:04:11 22:38:38;https://farm4.staticflickr.com/3945/33228864574_3cf428f712_o.jpg
285;2017:04:11 22:38:47;https://farm3.staticflickr.com/2896/33686649690_949fbc5c61_o.jpg
286;2017:04:11 22:39:39;https://farm3.staticflickr.com/2948/33686650600_8a6b7e64eb_o.jpg
287;2017:04:12 08:11:30;https://farm3.staticflickr.com/2887/33664009730_20391071b9_o.jpg
288;2017:04:12 10:28:03;https://farm3.staticflickr.com/2842/34049057425_413b94b045_o.jpg
289;2017:04:12 10:29:11;https://farm4.staticflickr.com/3948/34049054775_61557a2e56_o.jpg
290;2017:04:12 10:29:13;https://farm3.staticflickr.com/2866/33664007720_a2c57f81ac_o.jpg
291;2017:04:12 11:14:22;https://farm3.staticflickr.com/2847/33891902482_077e08d42f_o.jpg
297;2017:04:12 17:19:31;https://farm3.staticflickr.com/2860/33686651690_74c6a7d263_o.jpg
298;2017:04:12 17:30:58;https://farm3.staticflickr.com/2894/33686653010_4e910ca3e4_o.jpg
299;2017:04:12 17:43:29;https://farm4.staticflickr.com/3927/33686654310_34fabf4627_o.jpg
300;2017:04:12 17:59:23;https://farm4.staticflickr.com/3955/34014408496_29c8167672_o.jpg
301;2017:04:12 17:59:30;https://farm3.staticflickr.com/2834/33925633001_88ff219dc1_o.jpg
302;2017:04:12 18:01:14;https://farm4.staticflickr.com/3930/33897935452_70e7db8a8a_o.jpg
303;2017:04:12 18:01:52;https://farm3.staticflickr.com/2923/33925625641_c3e6f120bd_o.jpg
304;2017:04:12 18:55:05;https://farm3.staticflickr.com/2880/33686654460_7d434d400b_o.jpg
305;2017:04:12 19:02:18;https://farm3.staticflickr.com/2868/33259461323_b2c09e738e_o.jpg
306;2017:04:12 19:10:20;https://farm3.staticflickr.com/2946/33686656410_a7cfcf97f2_o.jpg
307;2017:04:12 19:53:32;https://farm4.staticflickr.com/3951/33686657010_2a3c5ae658_o.jpg
308;2017:04:12 20:24:55;https://farm3.staticflickr.com/2889/33686657560_896777ff8a_o.jpg
309;2017:04:12 20:40:35;https://farm4.staticflickr.com/3950/33686658990_7cc8813e61_o.jpg
310;2017:04:12 23:28:55;https://farm3.staticflickr.com/2817/33686660050_3b17951f62_o.jpg
311;2017:04:12 23:38:15;https://farm3.staticflickr.com/2883/33686660270_0425e72105_o.jpg
312;2017:04:12 23:39:35;https://farm3.staticflickr.com/2826/33686661200_7659ce5faa_o.jpg
313;2017:04:13 00:17:02;https://farm3.staticflickr.com/2849/33686663510_6cb3615d93_o.jpg
314;2017:04:13 00:59:22;https://farm4.staticflickr.com/3955/33686664550_471d9abeab_o.jpg
316;2017:04:13 08:08:50;https://farm3.staticflickr.com/2938/33670189620_194e4e0ae2_o.jpg
317;2017:04:13 08:38:01;https://farm3.staticflickr.com/2947/33212384144_84a6283968_o.jpg
318;2017:04:13 08:38:41;https://farm3.staticflickr.com/2903/34014408236_a4ff41e340_o.jpg
319;2017:04:13 10:36:07;https://farm3.staticflickr.com/2853/33685628540_eb7889a715_o.jpg
320;2017:04:13 14:05:16;https://farm3.staticflickr.com/2807/33686666530_00109ffe45_o.jpg
321;2017:04:13 14:41:01;https://farm4.staticflickr.com/3955/34014447006_452be00e1a_o.jpg
322;2017:04:13 15:08:12;https://farm3.staticflickr.com/2941/33686667860_aecbb23ebe_o.jpg
323;2017:04:13 15:11:49;https://farm3.staticflickr.com/2807/33686669400_095c2f30e1_o.jpg
324;2017:04:13 15:40:41;https://farm3.staticflickr.com/2845/33686670580_e977166d36_o.jpg
325;2017:04:13 15:48:18;https://farm3.staticflickr.com/2893/33686670690_41d4992aee_o.jpg
326;2017:04:13 15:51:35;https://farm3.staticflickr.com/2919/33913481952_c64b939587_o.jpg
327;2017:04:13 15:52:12;https://farm4.staticflickr.com/3948/33686671090_93715ca568_o.jpg
328;2017:04:13 15:56:23;https://farm3.staticflickr.com/2824/33686672730_f257f77b38_o.jpg
329;2017:04:13 15:57:20;https://farm4.staticflickr.com/3838/33686673180_1edf550a2c_o.jpg
330;2017:04:13 15:57:26;https://farm3.staticflickr.com/2910/33686674850_aeccc4a2bf_o.jpg
331;2017:04:13 15:57:33;https://farm3.staticflickr.com/2805/33686676550_e17517cba2_o.jpg
332;2017:04:13 16:09:46;https://farm3.staticflickr.com/2871/33686678030_b089c0650f_o.jpg
333;2017:04:13 16:10:09;https://farm3.staticflickr.com/2888/33914657562_1b05d3943f_o.jpg
334;2017:04:13 16:10:31;https://farm3.staticflickr.com/2815/33914659812_90f5749d9c_o.jpg
335;2017:04:13 16:11:35;https://farm4.staticflickr.com/3938/33914662082_7bc78828ab_o.jpg
336;2017:04:13 16:12:00;https://farm3.staticflickr.com/2906/33914663542_8f8ed9ba6b_o.jpg
337;2017:04:13 16:13:54;https://farm3.staticflickr.com/2819/34030937176_f7508ea67b_o.jpg
338;2017:04:13 16:14:02;https://farm3.staticflickr.com/2922/33259485653_9731f8dfbd_o.jpg
339;2017:04:13 16:14:02;https://farm3.staticflickr.com/2932/33259486973_1c98191a94_o.jpg
340;2017:04:13 16:20:36;https://farm4.staticflickr.com/3727/33259487903_4ce6b3cd93_o.jpg
341;2017:04:13 16:20:50;https://farm3.staticflickr.com/2805/34030947196_73fc217985_o.jpg
342;2017:04:13 16:21:54;https://farm3.staticflickr.com/2925/34030949126_b7789a7241_o.jpg
343;2017:04:13 17:16:17;https://farm3.staticflickr.com/2945/33259491713_1a14863808_o.jpg
344;2017:04:13 17:16:24;https://farm3.staticflickr.com/2805/33259492953_18dcd761b3_o.jpg
345;2017:04:13 17:16:27;https://farm3.staticflickr.com/2946/33259493623_f0f3a9f9f6_o.jpg
346;2017:04:13 17:16:47;https://farm4.staticflickr.com/3927/33259494653_b573541668_o.jpg
347;2017:04:13 17:16:51;https://farm3.staticflickr.com/2872/33259495183_4da54fc43f_o.jpg
348;2017:04:13 17:17:13;https://farm3.staticflickr.com/2813/33259495673_119911bd39_o.jpg
349;2017:04:13 17:17:15;https://farm3.staticflickr.com/2849/33259496653_947118f721_o.jpg
350;2017:04:13 17:17:18;https://farm3.staticflickr.com/2841/33259497913_2329425be3_o.jpg
351;2017:04:13 17:17:19;https://farm3.staticflickr.com/2845/33259498673_1c06968d68_o.jpg
352;2017:04:13 17:17:19;https://farm3.staticflickr.com/2936/33259499703_f5cb3dd7fa_o.jpg
353;2017:04:13 17:17:36;https://farm3.staticflickr.com/2893/33914675802_038e4ae22b_o.jpg
354;2017:04:13 17:17:40;https://farm4.staticflickr.com/3836/33686701590_7513b1ec14_o.jpg
355;2017:04:13 17:17:41;https://farm4.staticflickr.com/3846/34070911005_e25ea0ccca_o.jpg
356;2017:04:13 17:18:24;https://farm3.staticflickr.com/2849/34070911755_fce37cc472_o.jpg
357;2017:04:13 17:18:28;https://farm3.staticflickr.com/2839/34070912275_6997c42289_o.jpg
358;2017:04:13 17:18:28;https://farm4.staticflickr.com/3856/34070913235_013fefd391_o.jpg
359;2017:04:13 17:18:31;https://farm3.staticflickr.com/2870/34070914225_4491cd9b08_o.jpg
360;2017:04:13 17:18:31;https://farm3.staticflickr.com/2911/34070914765_f5ba3d9751_o.jpg
361;2017:04:13 17:18:35;https://farm4.staticflickr.com/3840/34070915685_2645dcd054_o.jpg
362;2017:04:13 17:18:36;https://farm3.staticflickr.com/2866/34070916495_5e20d60ee1_o.jpg
363;2017:04:13 17:18:57;https://farm4.staticflickr.com/3945/34070917455_fed2f4821d_o.jpg
364;2017:04:13 17:18:59;https://farm3.staticflickr.com/2915/34070918355_1ec37e51f4_o.jpg
365;2017:04:13 17:19:00;https://farm3.staticflickr.com/2891/34030983936_3f8633aa68_o.jpg
366;2017:04:13 17:19:01;https://farm3.staticflickr.com/2904/34030985466_8435db55f0_o.jpg
367;2017:04:13 17:20:01;https://farm3.staticflickr.com/2945/33258359323_a1ebe797cf_o.jpg
368;2017:04:13 17:20:05;https://farm4.staticflickr.com/3857/34030987296_fd6cb8e7d7_o.jpg
369;2017:04:13 17:20:07;https://farm3.staticflickr.com/2906/34030989976_21947a90d4_o.jpg
370;2017:04:13 17:20:08;https://farm3.staticflickr.com/2895/34030991186_2be8c45d9d_o.jpg
371;2017:04:13 17:20:10;https://farm6.staticflickr.com/5823/34030992716_9e903e6d2d_o.jpg
372;2017:04:13 17:20:11;https://farm4.staticflickr.com/3940/34030994626_a085571696_o.jpg
373;2017:04:13 17:20:13;https://farm3.staticflickr.com/2869/34030995966_6371f58d17_o.jpg
374;2017:04:13 17:21:31;https://farm3.staticflickr.com/2893/34030996756_d28f714cc3_o.jpg
375;2017:04:13 17:21:44;https://farm4.staticflickr.com/3934/34030998716_99bf6b86fb_o.jpg
376;2017:04:13 17:21:46;https://farm3.staticflickr.com/2880/34030999536_ba438c0be3_o.jpg
377;2017:04:13 17:21:48;https://farm3.staticflickr.com/2809/34070927165_3bc64c705a_o.jpg
378;2017:04:13 17:21:55;https://farm3.staticflickr.com/2895/34070927705_1bd6386de8_o.jpg
379;2017:04:13 17:22:00;https://farm4.staticflickr.com/3846/33259517483_1b15a95455_o.jpg
380;2017:04:13 17:22:05;https://farm3.staticflickr.com/2828/33259518303_0151227777_o.jpg
381;2017:04:13 17:22:23;https://farm3.staticflickr.com/2831/33259519313_4b17231c0c_o.jpg
382;2017:04:13 17:24:03;https://farm3.staticflickr.com/2844/33686730640_43ef846673_o.jpg
383;2017:04:13 17:24:22;https://farm3.staticflickr.com/2926/33686731200_d581896613_o.jpg
384;2017:04:13 17:24:33;https://farm4.staticflickr.com/3857/33228940914_161fee797d_o.jpg
385;2017:04:13 17:24:49;https://farm3.staticflickr.com/2844/33228942354_aa8cb6b9b2_o.jpg
386;2017:04:13 17:44:25;https://farm3.staticflickr.com/2810/33258329523_d41ed8038e_o.jpg
387;2017:04:13 17:49:49;https://farm3.staticflickr.com/2917/33255749813_04e107157d_o.jpg
388;2017:04:13 17:49:49;https://farm3.staticflickr.com/2936/34069753945_caf5c7ab6a_o.jpg
389;2017:04:13 17:56:34;https://farm3.staticflickr.com/2893/33255751313_f070f25bc7_o.jpg
390;2017:04:13 18:02:03;https://farm3.staticflickr.com/2901/33228943294_de4823052f_o.jpg
391;2017:04:13 18:02:41;https://farm3.staticflickr.com/2892/34031005126_9e6e77355a_o.jpg
392;2017:04:13 18:12:51;https://farm3.staticflickr.com/2944/34031005646_bd885b17dd_o.jpg
393;2017:04:13 18:15:52;https://farm3.staticflickr.com/2831/33228948764_0624b1a28e_o.jpg
394;2017:04:13 18:16:53;https://farm3.staticflickr.com/2910/33228950674_c739e36e95_o.jpg
395;2017:04:13 18:19:57;https://farm3.staticflickr.com/2882/33228952764_b18253e770_o.jpg
396;2017:04:13 18:21:58;https://farm3.staticflickr.com/2823/33228954434_628403930b_o.jpg
397;2017:04:13 18:22:32;https://farm3.staticflickr.com/2880/33228955744_21dc42cb2b_o.jpg
398;2017:04:13 18:28:33;https://farm3.staticflickr.com/2942/34031010576_4f1cc02641_o.jpg
399;2017:04:13 18:39:13;https://farm3.staticflickr.com/2902/34070948085_89f9fce384_o.jpg
400;2017:04:13 18:41:13;https://farm3.staticflickr.com/2840/34070949665_d72df10678_o.jpg
401;2017:04:13 18:41:13;https://farm3.staticflickr.com/2902/34070950875_e6d751177a_o.jpg
402;2017:04:13 18:41:14;https://farm3.staticflickr.com/2906/33228968244_28051c7a6e_o.jpg
403;2017:04:13 18:41:14;https://farm3.staticflickr.com/2833/34070951875_b7acef0e0c_o.jpg
404;2017:04:13 18:44:49;https://farm4.staticflickr.com/3927/33228970864_d867eb3a9c_o.jpg
405;2017:04:13 18:50:21;https://farm3.staticflickr.com/2896/33259550403_0be430d3a5_o.jpg
406;2017:04:13 18:54:21;https://farm4.staticflickr.com/3684/33259551693_feb5b34907_o.jpg
407;2017:04:13 18:54:22;https://farm3.staticflickr.com/2930/33259553493_4b26a806d6_o.jpg
408;2017:04:13 22:11:09;https://farm3.staticflickr.com/2822/33259554413_7b239e9f2f_o.jpg
409;2017:04:13 22:16:08;https://farm4.staticflickr.com/3945/33259555493_4c7acdef6f_o.jpg
410;2017:04:13 22:16:16;https://farm3.staticflickr.com/2842/33228983464_8409ff8708_o.jpg
411;2017:04:13 22:16:33;https://farm3.staticflickr.com/2866/33228985504_fc56798f3e_o.jpg
412;2017:04:13 22:17:08;https://farm3.staticflickr.com/2825/33914729642_294c01beea_o.jpg
413;2017:04:13 23:24:52;https://farm3.staticflickr.com/2897/33228989304_0d073e21ec_o.jpg
414;2017:04:13 23:28:34;https://farm3.staticflickr.com/2929/33228990234_32d97de2a3_o.jpg
415;2017:04:13 23:36:37;https://farm3.staticflickr.com/2809/33228990994_1867c726c5_o.jpg
416;2017:04:13 23:36:58;https://farm3.staticflickr.com/2942/33228991554_0a8426aa94_o.jpg
417;2017:04:14 13:31:56;https://farm3.staticflickr.com/2818/33228992164_18837cbc3d_o.jpg
418;2017:04:14 13:38:14;https://farm3.staticflickr.com/2822/33228992924_afefd9e776_o.jpg
419;2017:04:14 13:38:39;https://farm4.staticflickr.com/3945/33228993954_6b4fca694c_o.jpg
420;2017:04:14 14:31:06;https://farm3.staticflickr.com/2881/33228994224_007a302758_o.jpg
421;2017:04:14 14:31:18;https://farm3.staticflickr.com/2929/33228994764_0e46f7e8f0_o.jpg
422;2017:04:14 15:33:13;https://farm3.staticflickr.com/2885/34070978665_3470d53bb4_o.jpg
423;2017:04:14 15:35:30;https://farm3.staticflickr.com/2898/34070981525_a28bd74f06_o.jpg
424;2017:04:14 16:18:18;https://farm3.staticflickr.com/2866/34070983775_d48875d631_o.jpg
425;2017:04:14 16:19:23;https://farm3.staticflickr.com/2857/34070985015_22a19caefa_o.jpg
426;2017:04:14 16:19:26;https://farm3.staticflickr.com/2824/34070987065_4ac10979b5_o.jpg
427;2017:04:14 16:19:26;https://farm3.staticflickr.com/2845/34070989095_32e325d1ab_o.jpg
428;2017:04:14 16:19:50;https://farm3.staticflickr.com/2883/34070990335_8b0f282188_o.jpg
429;2017:04:14 16:21:28;https://farm3.staticflickr.com/2866/34070992195_5cf0503bfa_o.jpg
430;2017:04:14 16:22:15;https://farm3.staticflickr.com/2827/33229003784_ff2943c82d_o.jpg
431;2017:04:14 16:22:31;https://farm3.staticflickr.com/2906/34070996555_fef9091050_o.jpg
432;2017:04:14 16:23:01;https://farm4.staticflickr.com/3871/34070997905_bac6de7e86_o.jpg
433;2017:04:14 16:23:48;https://farm3.staticflickr.com/2853/33229006704_a85f581ed5_o.jpg
434;2017:04:14 16:23:49;https://farm3.staticflickr.com/2830/33229007724_74e7ca8bda_o.jpg
435;2017:04:14 16:24:27;https://farm3.staticflickr.com/2833/33229009174_87689f7499_o.jpg
436;2017:04:14 16:28:05;https://farm4.staticflickr.com/3952/33229010654_d1ab2e1e55_o.jpg
437;2017:04:14 16:28:06;https://farm4.staticflickr.com/3946/33259586813_b1b745a6d1_o.jpg
438;2017:04:14 16:32:00;https://farm3.staticflickr.com/2806/33259587293_f62a075a77_o.jpg
439;2017:04:14 16:32:16;https://farm3.staticflickr.com/2819/33259588143_a8a7bbc591_o.jpg
440;2017:04:14 16:32:18;https://farm3.staticflickr.com/2899/33259589043_ecc9a4c3fa_o.jpg
441;2017:04:14 16:38:08;https://farm4.staticflickr.com/3956/33259589953_bf4246f1f0_o.jpg
442;2017:04:14 16:39:09;https://farm3.staticflickr.com/2927/34031056666_a8ca1d5eb1_o.jpg
443;2017:04:14 16:40:56;https://farm3.staticflickr.com/2806/34031058206_85ab735a93_o.jpg
444;2017:04:14 16:42:32;https://farm4.staticflickr.com/3953/34054855255_d91f7b2152_o.jpg
445;2017:04:14 16:42:34;https://farm3.staticflickr.com/2902/34031059036_79bb338e97_o.jpg
446;2017:04:14 16:42:36;https://farm3.staticflickr.com/2863/34031060116_6c8ac2878e_o.jpg
447;2017:04:14 16:44:47;https://farm4.staticflickr.com/3849/34031061316_caab2df7f1_o.jpg
448;2017:04:14 16:44:47;https://farm3.staticflickr.com/2880/34031062766_2143df3249_o.jpg
449;2017:04:14 16:44:48;https://farm3.staticflickr.com/2897/34031064446_644285e14a_o.jpg
450;2017:04:14 16:44:48;https://farm3.staticflickr.com/2815/34031066126_af7a4265b6_o.jpg
451;2017:04:14 16:47:56;https://farm4.staticflickr.com/3929/33686793380_4ed5aa84c0_o.jpg
452;2017:04:14 16:48:07;https://farm3.staticflickr.com/2850/33686794040_b450135500_o.jpg
453;2017:04:14 16:50:30;https://farm3.staticflickr.com/2932/33686794850_ffd6849db2_o.jpg
454;2017:04:14 16:55:04;https://farm3.staticflickr.com/2838/33686795720_bdd5608de8_o.jpg
455;2017:04:14 16:56:31;https://farm3.staticflickr.com/2875/33686796290_8dc09ee52a_o.jpg
456;2017:04:14 16:56:56;https://farm3.staticflickr.com/2948/34031073376_52b7b74d1f_o.jpg
457;2017:04:14 16:56:57;https://farm3.staticflickr.com/2815/34031074336_3223ff9dba_o.jpg
458;2017:04:14 17:06:44;https://farm4.staticflickr.com/3933/34031075616_73830cca60_o.jpg
459;2017:04:14 17:09:28;https://farm4.staticflickr.com/3855/34031076606_56b97465ae_o.jpg
460;2017:04:14 17:12:14;https://farm3.staticflickr.com/2873/33686801130_d6a3d4bfba_o.jpg
461;2017:04:14 17:12:18;https://farm3.staticflickr.com/2933/34031079036_91eb51c76e_o.jpg
462;2017:04:14 17:15:08;https://farm3.staticflickr.com/2824/34031079866_b963b12643_o.jpg
463;2017:04:14 17:15:29;https://farm4.staticflickr.com/3838/34031080906_2e4459c482_o.jpg
464;2017:04:14 17:18:26;https://farm3.staticflickr.com/2834/33686804560_826ce85a94_o.jpg
465;2017:04:14 17:18:27;https://farm3.staticflickr.com/2854/33686805680_f3e77bd4aa_o.jpg
466;2017:04:14 17:19:20;https://farm4.staticflickr.com/3940/33686807120_c2ca55db01_o.jpg
467;2017:04:14 17:32:53;https://farm4.staticflickr.com/3941/33686809320_04dd56e0a4_o.jpg
468;2017:04:14 17:34:03;https://farm3.staticflickr.com/2847/33255752823_70ae37fdab_o.jpg
469;2017:04:14 17:36:35;https://farm3.staticflickr.com/2917/34067182815_ff16aed82f_o.jpg
470;2017:04:14 18:14:41;https://farm4.staticflickr.com/3949/34014462716_9e91b2676c_o.jpg
471;2017:04:14 19:19:39;https://farm3.staticflickr.com/2881/34067183525_ff4cfd346e_o.jpg
472;2017:04:14 22:32:08;https://farm3.staticflickr.com/2909/33686810480_15a5f8fba7_o.jpg
473;2017:04:14 22:32:13;https://farm3.staticflickr.com/2849/33686810750_d537371005_o.jpg
474;2017:04:14 22:33:56;https://farm3.staticflickr.com/2816/33229056904_999f514d82_o.jpg
475;2017:04:15 09:11:44;https://farm4.staticflickr.com/3935/34067184245_3b43f0486e_o.jpg
476;2017:04:15 10:15:08;https://farm4.staticflickr.com/3934/34067185415_055e952d17_o.jpg
477;2017:04:15 10:15:09;https://farm4.staticflickr.com/3849/34067186295_4806aab556_o.jpg
478;2017:04:15 10:21:29;https://farm3.staticflickr.com/2873/33670273870_23177a3a77_o.jpg
479;2017:04:15 10:24:46;https://farm4.staticflickr.com/3948/33925704051_b2cc52962d_o.jpg
483;2017:04:15 11:34:50;https://farm3.staticflickr.com/2905/33243299653_5578fcbabc_o.jpg
484;2017:04:15 14:03:59;https://farm4.staticflickr.com/3829/33229059204_b6a79a7f81_o.jpg
